invalid,far east bank 
invalid,well
wheres,where is mom annabelle
wheres,justin
wheres,where is suggested
wheres,one can fund
wheres,were rez laila
wheres,where is sir no
wheres,where is normally
wheres,for his mom annabelle
wheres,where is ma'am
wheres,where is job
wheres,where is mom munti kalbo
wheres,where his mom tickle mo
wheres,where s mom byoleta
wheres,where is mom biyolin
wheres,where is the joel salida
wheres,where 's mom laila
wheres,where ni sir noli marayag
wheres,where 's five hundred lalaban
wheres,were is five hundred eleven
wheres,where 's five hundred twelve
wheres,where is five hundred one
wheres,where is the room five zero one
wheres,where is five zero two
wheres,where is wrong five hundred five
wheres,where is the room five zero six
wheres,first the rum five hundred seven
wheres,where 's five hundred eight
wheres,the first the room five zero .
wheres,first the room five hundred
wheres,first the wrong five hundred ten
wheres,where is the room five hundred twelve
wheres,work room five hundred thirteen
wheres,where is the room five hundred fifteen
wheres,first the room five hundred sixteen
wheres,with the room five hundred sixteen
wheres,western five hundred seventeen
wheres,western five hundred seventeen
wheres,is five hundred seventeen
wheres,where is every are
invalid,e di are
wheres,where is the room tv are
wheres,where 's the audio visual room
wheres,where is the main office
wheres,where is the radyo natin station
wheres,where is the room five hundred sixteen
wheres,five hundred one
wheres,where 's five hundred one
wheres,where 's ab are
wheres,where is aba room
wheres,where is audio visual room
wheres,where is with showbiz wardrobe
wheres,wears audio o visual room
wheres,were were ers room five hundred huwag
wheres,juarez five hundred one
wheres,where is five hundred one
