tags,text
invalid,right now
wheres,kailangan kang ito ka ba
wheres,where is high
wheres,or
wheres,where 's room five hundred seven
wheres,where is from five hundred seven
wheres,where is mom justin aban
wheres,where is room five hundred seven
wheres,where 's room five hundred five
wheres,whether from five hundred five
wheres,where 's room five hundred five
wheres, were from five hundred seven
wheres, where is a b 
wheres,where is avs are from
wheres,where 's from five hundred one
